idx	wav	ground_truth	recognized	duration
0	files/58b586f67f5e634506e215df5996b82e.wav	джой хватит	джой хватит	1.696625
1	files/26093ef7a8c5ec6a3c586a6a929c1bd3.wav	салют вызов светлане васильевне николенко	салют вызов светлане васильевне николенко	3.1720625
2	files/b42d13ab3dc159fac39a1120e8011f66.wav	салют хватит	салют хватит	1.5226875
3	files/7e55843e745a239b35212e2caba77239.wav	джой звонок юрию ивановичу царькову	джой звонок юрию ивановичу царькову	3.0640625
4	files/a0c621e2819a3747e42d05940aab0446.wav	джой выйти из сценария	джой выйти из сценария	2.31475
5	files/f293e3548bd266460c8ea6ac1fb76478.wav	салют выйти	салют выйти	1.310125
6	files/b3fc5f249351a9087ffedc0a34385463.wav	салют закройся	салют закройся	1.9009375
7	files/ee2144d4bc00e96131a9bef5c74edd97.wav	салют набери данилова	салют набери данилова	1.8129374999999999
8	files/94f4ad577967f9f61d5d88cd92b1339c.wav	сбер мне нравится	сбер мне нравится	1.9945
9	files/a97958419827c57069bc3550c4353eb9.wav	салют прекрати	салют прекрати	1.4965
10	files/518cfbe596e13b78f1a28610230f971c.wav	сбер громче	сбер громче	1.54925
11	files/1e309075bb8927cffe4c5978a74ba837.wav	салют звонок юрию владимировичу волкову	салют звонок юрию владимировичу волкову	2.9989375
12	files/929f07194a6df223907b154eef92354a.wav	афина выйти	афина выйти	1.7626875
13	files/78097c589f42d7b8e55b86caad3661fa.wav	сбер выйти из сценария	сбер выйти из сценария	1.8864375
14	files/18daa690cdf99e5fc8fa7fba9bf3995f.wav	джой приложение сверни	джой приложение сверни	1.8750624999999999
15	files/7cb3d2d11a4331a544ab6a65cf3de812.wav	афина закрой приложение	афина закрой приложение	2.0255625
16	files/e7b833d06926ceaf61a7208cd3ce56fb.wav	джой надоел	джой надоел	1.6078125
17	files/776d64073d0493b1c741a0e699ec3bf9.wav	сбер выйди из приложения	сбер выйди из приложения	2.188375
18	files/91528fe7b02f6559e47c085f44a84153.wav	джой выйти	джой выйти	1.3928125
19	files/3c28a63e7b457f9e4a1a036dac83fc8c.wav	салют перемотка	салют перемотка	1.675625
20	files/e08e3d5a8b1cda6d7335dc436b491229.wav	афина назад	афина назад	1.5423749999999998
21	files/3a8841919e6be8a46d13a7777fe04cc4.wav	джой выйди	джой выйди	1.3419375
22	files/41bb6b5c75fb89d41a02c6714475a46e.wav	сбер набери изотова	сбер набери из этого	2.012
23	files/d610524f4aaf01fae1a7c2cf92b4fed4.wav	сбер завершить навык	сбер завершить навык	1.9661875
24	files/ab50e0039f7023b879144783c6da4ab5.wav	афина набери марию	афина набери марию	1.7095625
25	files/ab1dcd6ba908a92666e6fd755b241f76.wav	афина выйди из приложения	афина выйди из приложения	2.050625
26	files/abfe2b9a9e5ac54a9d28036e93c817cc.wav	афина покажи текст песни	афина покажи текст песни	2.168375
27	files/c8fb0a5fd9f18b234cf3ee3a2ac95884.wav	джой перестань	джой перестань	1.8069375
28	files/035dc3ff7ff41adab0748e99abb86baf.wav	салют набери любовь петровну	салют набери любовь петровну	2.398125
29	files/28ef7f992691bd2df2c1c8c2f3b07d1d.wav	джой хватит	джой хватит	1.0479375
30	files/72630e8a356ab84aadd45a10311e8baa.wav	джой не нравится	джой не нравится	1.7834375
31	files/d67ecce9041c271933d6d55898ad5ac3.wav	сбер перестань	сбер перестань	1.2565625
32	files/acd44c1b8a144b89f36d357727abd6aa.wav	салют приложение сверни	салют приложение слюни	1.9996874999999998
33	files/ebbf277069165695f839f246470b6a94.wav	афина пауза	афина пауза	1.2324375
34	files/e80b60079a23fdfa096282f3094e66a1.wav	сбер надоело	сбер надоело	2.009625
35	files/214ba598702bb8bde9b313af11e4dc36.wav	джой позвони ольге сергеевой	джой позвони ольге сергеевой	2.65725
36	files/7a8262f00f57be4f967f8e4dbb7204f4.wav	афина сделай звонок ришату ивановичу	афина сделай звонок ришату ивановичу	3.0728125
37	files/ef8e5636049bb0a436705c4ea6187314.wav	афина лайк	афина лайк	1.1498125
38	files/1c776b689ea86d71fa335993fcc5c561.wav	сбер назад	сбер назад	1.5741874999999999
39	files/d71d39485e2b04678edb08afaae90b4a.wav	салют надоел	салют надоел	1.157625
40	files/7d937b4627e109f44b9a8924029e484e.wav	салют набери виталия	салют набери виталия	2.1441875
41	files/eac755b67c08889004442d80c01206fd.wav	салют дизлайк	салют дизлайк	1.3134375
42	files/dcc8d526522d110a1414222f4c012a62.wav	джой набери чернову	джой набери чернову	2.292
43	files/a47455f6a949162450747202c94c602f.wav	сбер набери викторию викторовну емельянову	сбер набери викторию викторовну емельянову	3.5019375
44	files/6e8473fe80297d121fadd9a9b88a7fd5.wav	сбер завершить сценарий	сбер завершить сценарий	1.7235
45	files/70850048dd88b645feba48feb2560de6.wav	джой набери анатолия николаевича габитова	джой набери анатолия николаевича габитова	3.3879375
46	files/c978d109e6d9311b2e7e6fee477a91e1.wav	джой завершить навык	джой завершить навык	1.6605625
47	files/5ab1b03a3ec73a238f5cc9d88df878e1.wav	афина домой	афина домой	1.7150625
48	files/58529877b58a4b50fa6b06112d415c1d.wav	сбер набери ковалева	сбер набери ковалева	1.693625
49	files/f222a8404daf85d0bced7ff1a48b5138.wav	афина перемотка	афина перемотка	1.7095625
50	files/3415000e91b1c22d145b7d4f83810334.wav	салют стоп	салют стоп	1.1848125
51	files/257a891f3c5ff62c00335d4f0325914e.wav	джой громче	джой громче	1.5470625
52	files/0fb90c71202b069e34e8bd6ff4d3dc0c.wav	джой сворачивай приложение	джой сворачивай приложение	2.099125
53	files/0556499e21e596a5a6946d5e341c36c9.wav	сбер надоел	сбер надоело	1.1031875
54	files/88ca2328d9e3683f75d023da611b0990.wav	джой звонок надежде витальевне	джой звонок надежде витальевне	2.3874375
55	files/e025c864aea8dafbb82b481b1a2c64e2.wav	салют сверни	салют сверни	1.1193125
56	files/390ad770132b59b8c2c2d86368be6a0e.wav	афина сделай звонок виктору борисовичу шлыкову	афина сделай звонок виктору борисовичу шлыкову	3.4546875
57	files/5ea303084d36881658ff7f4ce59d7ae9.wav	афина надоела	афина надоело	2.04775
58	files/c36ce794a472722027bcadf28a3253a3.wav	джой нравится	джой нравится	1.380125
59	files/5a89e3e765ab0180b4abeab48936f535.wav	афина нравится	афина нравится	1.34925
60	files/a8ee8a3e087ddba9fa874199ca5924c3.wav	афина сделай звонок ивановскому	афина сделай звонок ивановскому	2.7645
61	files/c24c11cc0ce28aeb83fde653c7863f99.wav	сбер сверни приложение	сбер сверни приложение	1.871875
62	files/5857166e486dcfe3a8c45aae3fea22ca.wav	афина вызов владлену леонидовичу	афина вызов владлена леонидовичу	3.83075
63	files/aa4e35e631b8e9fa2ab752b61fadac6a.wav	афина звонок чащину	афина звонок чащину	2.151
64	files/7c5e58d58e68fa11cbcdb5a84f0f6c0c.wav	салют набери сергея	салют набери сергея	1.7843125
65	files/caa85f3bdd7286e51418f6cf24b75b8f.wav	салют надоел	салют надоел	1.2141875
66	files/f3091c5fa4dff92212eb7561277ef950.wav	джой звонок татьяне никитичне	джой звонок татьяне никитичне	2.223875
67	files/349a241e1ab4314e89591795e5852e4e.wav	салют набери юнусова	салют набери юнусова	1.6818125
68	files/05d6a99b71cbf6726fb2d70b3fe178d4.wav	сбер звонок александру ивановичу	сбер звонок александру ивановичу	2.5048125
69	files/dd016b2cbf244abc6f42ff618229797d.wav	салют позвони владимиру александровичу пономареву	салют позвони владимиру александровичу пономареву	3.361875
70	files/4440a068592d3eb43fa538061d135ee8.wav	сбер предыдущая	сбер предыдущая	1.6119375
71	files/97c5fe0f2550da4ca64655551bf1ef95.wav	сбер набери алину	сбер набери алину	1.415375
72	files/70a79e69f1161f96d6b4610c93463dfe.wav	джой покажи текст песни	джой покажи текст песни	1.9335624999999999
73	files/20baa22e19f564b27a0c595063069b6a.wav	джой продолжить	джой продолжить	1.4120625
74	files/294f02bb690dc859b5798bf5f04954e7.wav	афина выйти из приложения	афина выйти из приложения	2.035
75	files/135db8775329d2a68ad8b133720f0016.wav	сбер вызов эдуарду анатольевичу журавлеву	сбер вызов эдуарду анатольевичу журавлева	3.4105625
76	files/8df0a322ef09bf07f0db90ae0497de90.wav	салют сверни	салют сверни	1.17675
77	files/9f3ed66b4c8ac05107e496b5aa8291e1.wav	афина дизлайк	афина дизлайк	1.604375
78	files/c213012a30a41f9939d71454cf81e559.wav	джой надоела	джой надоело	1.3445624999999999
79	files/2121448ebd6cf624611a7e36acf23ae0.wav	салют следующий трек	салют следующий трек	1.527375
80	files/d936f775ae7becabb54948b6760a0357.wav	джой продолжить	джой продолжить	1.2650000000000001
81	files/1177b707cab398f6905996598b99e20a.wav	салют домой	салют домой	1.3951875
82	files/b8cd60d2a65b9592c53ecc9f16b79f1c.wav	сбер громче	сбер громче	1.13175
83	files/3cd4a8311962bea93057b05a695938b2.wav	джой скрой приложение	джой скрой приложение	1.80075
84	files/71ee649d04986295f282a7de340ace81.wav	джой предыдущий трек	джой предыдущий трек	1.396375
85	files/0cec694b6b29d1d3c4c7ee5798f1b931.wav	салют продолжить	салют продолжить	1.5035625000000001
86	files/4398723dce8cf50dde0a37895548db58.wav	салют позвони тамаре львовне швецовой	салют позвони тамаре львовне швецовой	3.27775
87	files/b9970c9eeceb52593b73ae2386cf142a.wav	сбер вызов сереже костюку	сбер вызов серёжи костюку	2.8555625
88	files/3f1798eac5a774ec1e0a8322ab6c6ce2.wav	салют стоп	салют стоп	0.9353125
89	files/f05c9695ca8a3bc3b56514064e3c2513.wav	афина случайный трек	афина случайный трек	2.0781875
90	files/b3ee014e09682d10907c1bc8ee146417.wav	джой стоп	джой стоп	1.165
91	files/6515b29fde07f737c6230271e29f6138.wav	афина набери сергея грачева	афина набери сергея грачева	2.998875
92	files/b53e2139d5640a5ba4156f9658c9cf2c.wav	сбер играть сначала	сбер играть сначала	1.796
93	files/62740fddee85a264ffefa18e26d3ad6b.wav	джой повтор	джой повтор	1.5317500000000002
94	files/2902a828a0a02bff9f23ec118e91fc62.wav	афина звонок хоревой	афина звонок в уровень	2.0779375
95	files/36f9830dca10bf7afc2695dc543da68e.wav	афина дальше	афина дальше	1.3241874999999999
96	files/8e2a2fe0ae9a576c5845e48fa6d9c1dd.wav	афина вызов кире нуруллину	афина вызов киря нуруллину	3.148125
97	files/c97372146ec4484abb25b4a01f7d22f6.wav	афина набери григорьеву	афина набери григорьева	1.998625
98	files/025ec4999957fbdd393fe9548f73d3e6.wav	афина дальше	афина дальше	1.7426875
99	files/c7a3869cfa617c4c32335592221d527a.wav	джой перестань	джой перестань	1.2583125
100	files/3b7fd01b713fece7ecb8b7457aac12aa.wav	сбер повтор	сбер повтор	1.1571875
101	files/9bf1c387bd72fe750e63f04d2699b403.wav	сбер выйди из приложения	сбер выйди из приложения	2.0648125
102	files/f510bcd7d0abcd79024b80005edb1eda.wav	сбер завершить навык	сбер завершить навык	1.70225
103	files/631de5fc9e45dc9a2ee98525ccc5b9e2.wav	салют приложение сверни	салют приложение сверни	1.9831875
104	files/c227c3be6bf290d1be3f31eb9108e281.wav	сбер вызов дмитрию рочеву	сбер вызов дмитрию роче	2.395625
105	files/2a927cc4ecb0815354ee6ee8310c4586.wav	сбер лайк	сбер лайк	1.3446875
106	files/6feb80b0fda184eb77e8acf03c0689b4.wav	сбер звонок виталию флюровичу	сбер звонок виталию флюровичу	2.7626875
107	files/41e941b2258fe469fcd4f28f85a77c28.wav	сбер остановить	сбер остановить	1.4450625
108	files/2a71b9ea1cbb4c0b91ba7c59a3b6ab4f.wav	джой не нравится	джой не нравится	1.562625
109	files/247b88473a4dce07adc7e0a59241fe58.wav	сбер сделай звонок евгению михайловичу тимофееву	сбер сделай звонок евгению михайловичу тимофееву	3.94525
110	files/ac4896de3260f9287281a7d05e55ed02.wav	сбер выйти из навыка	сбер выйти из навыка	2.4825625000000002
111	files/26db91c46255ce499282125da6ebd9c8.wav	сбер позвони орешкину	сбер позвони орешкину	1.7854375
112	files/3bb1f83110300f74f97a64ce9d07cfc9.wav	сбер вызов валерону	сбер вы вызов валерона	2.2310625
113	files/944ea388fa931e3597edd09a92f95d8f.wav	сбер мне нравится	сбер мне нравится	1.9188125
114	files/82bd984b8b0ab0c3d84a9ffe04f1759d.wav	сбер следующий трек	сбер следующий трек	2.0066875
115	files/661513f469bd0931dd78f8c12d265aac.wav	афина случайный трек	афина случайный трек	2.326
116	files/f9dd92157b5f84051be088b4f5e1c3a3.wav	афина выключи	афина выключи	1.4089375
117	files/0ad086e4c8f547243066b845f1eb7f72.wav	джой караоке	джой караоке	1.2314375
118	files/37733885223ab82356a7c37308a7a7da.wav	сбер надоела	сбер надоело	1.53325
119	files/e8b5b77a218dd35c5377531620a13255.wav	джой сверни	джой сверни	1.5914375
120	files/f339424305bb9ac4e1e3724d29902f70.wav	джой закрой приложение	джой закрой приложение	1.6659375
121	files/7a412e62acb2b9d1e095b67188af0ac9.wav	афина караоке	афина караоке	1.3806875
122	files/9a6563df2b94ff3e4e71444ce6cc8982.wav	салют назад	салют назад	1.95975
123	files/f2f3044e08cae4776c1c6906b2c811de.wav	салют набери владислава дмитриевича	салют набери владислава дмитриевича	2.4080624999999998
124	files/685c56a18bd0570b836acaca1b1ec072.wav	сбер набери синякова	сбер набери синякова	1.9150625
125	files/0a172e6a40ff4bdecdc8ced06f6a6b58.wav	салют закрой приложение	салют закрой приложение	1.8211875
126	files/14a4ee8c3e1b301f772fe452dd8dfa6e.wav	сбер надоел	сбер надоел	1.28025
127	files/e957344836129dba56d0bbb701e85420.wav	джой набери рябых	джой набери рябов	1.7697500000000002
128	files/8eabd5fdcdf5b8913ac10c076716b18e.wav	афина скрой приложение	афина скрой приложение	1.9264375
129	files/79e24f3b9dec88eb5a4be808a5ab9d69.wav	джой выйти из навыка	джой выйти из навыка	1.836125
130	files/cbbe1a143137c296707a5f4ac782b02b.wav	сбер продолжить	сбер продолжить	1.525625
131	files/474e63de1229655501ed81a9cc647e93.wav	сбер закрой приложение	сбер закрой приложение	1.87675
132	files/d9b801494f39ae62a14523e30bd4c6b6.wav	салют стоп	салют стоп	1.80075
133	files/44e3666a8bdddb5905d2d4f54c6ced08.wav	джой тише	джой тише	1.389375
134	files/3592f96fa0c560ecd1c6a55da6345a42.wav	джой завершить навык	джой завершить навык	1.452625
135	files/c5661dae36ed4e095c308cda3a0c430a.wav	афина мне не нравится	афина мне не нравится	1.7944375
136	files/190acd42eb1d031818827c6edfa5be5b.wav	джой приложение сверни	джой приложение сверни	2.17325
137	files/cfb7a1b86b1cbcee2bdb0e1f8ab5d81f.wav	салют покажи текст песни	салют покажи текст песни	2.01025
138	files/2419c0d88f0797bea4579932dd5f029b.wav	джой позвони марине олеговне	джой позвони марине олеговне	2.8006875
139	files/923bdd9a7f6ab5070e7312f12eaadf17.wav	джой выйти из приложения	джой выйти из приложения	2.0843125
140	files/353a04f64798ba822b8456aa76200536.wav	сбер набери танюшу	сбер набери танюшу	2.008
141	files/cb81df552db89c7c3c2ac9528834524c.wav	салют сделай звонок маринину	салют сделай звонок маринину	2.0990625
142	files/cb462dc87de6085d2e42e7d5e1b4775f.wav	джой хватит	джой хватит	0.9707500000000001
143	files/49b229be2b1ab3ba56442cee2550707b.wav	афина назад	афина назад	1.698375
144	files/de40e2d1467dc30ca607792fca30a2cf.wav	сбер случайный трек	сбер случайный трек	1.824
145	files/f2846850fe12e1aa343235ff65d955b9.wav	афина не нравится	афина не нравится	1.7508124999999999
146	files/85c297f497179d02f0f5cf01e9a1f166.wav	сбер сделай звонок умиджону алиевичу пастухову	сбер сделай звонок умиджону алиевичу пастухову	4.29975
147	files/ae7061fb42ed94c8d1e39889871209ce.wav	салют набери алексея	салют набери алексея	2.37
148	files/89a039951ed8f17537aecf23bfda7cc3.wav	афина сделай звонок григорию николаевичу	афина сделай звонок григорию николаевичу	3.040875
149	files/c381a601e6af11562e0399d02cd6eefc.wav	афина перезвони виктору николаевичу филиппову	афина перезвони виктору николаевичу филиппову	3.2095000000000002
150	files/7213799dd5e480050c5213e3a9734048.wav	джой надоел	джой надоел	1.3431875
151	files/616889b62bf107fb31fd533323b378e9.wav	салют сделай звонок исламчику абрамову	салют сделай звонок исламчику абрамову	2.873125
152	files/cd2a10baf957c0dc15288e6a73ae8d34.wav	джой перемотка	джой перемотка	1.5803125
153	files/4b963a4b6bc677f3495971b9b75c7c39.wav	сбер выйти из сценария	сбер выйти из сценария	2.4121875
154	files/c920999aaaf123bc4b5a6f2492e9226b.wav	афина закрой приложение	афина закрой приложение	2.25375
155	files/881f03db4a2a7c74630ea61f41af4668.wav	салют сверни	салют сверни	1.3750624999999999
156	files/3c66002172ef030a1e37617933ee23b0.wav	сбер случайный трек	сбер случайный трек	2.0671875
157	files/ef17c9a6751dd1efd4cb8c9f769e2a54.wav	афина прекрати	афина прекрати	1.5536249999999998
158	files/9c593558a06cb4d5584cea1a13db4a84.wav	афина случайный трек	афина случайный трек	1.559875
159	files/d685bd25e19c34ae0e64035a123e6680.wav	салют зачем копить деньги	салют зачем копить деньги	2.951875
160	files/c51be44447b0c9c9a28c8e3ea317d425.wav	салют кто лучше играет месси или роналду	салют кто лучше играет мэси или роналду	4.7623125
161	files/ccbfae4ad2ef4229ded6992d3fca5a38.wav	афина почему трамваи едут по рельсам	афина почему трампа и трамвай едут по рельсам	4.75375
162	files/5dc41f6190a5fb8339fb19d088f5b8fc.wav	джой найди египтус	джой найди египтус	2.8433124999999997
163	files/9ec5334e3fbfeca7b52c1aff9f93de61.wav	афина кто красит редиску под землей	афина кто красит редиску под землёй	4.272625
164	files/84c09f385d7801423b99ec0794560298.wav	сбер что такое зона пятьдесят один	сбер что такое зона пятьдесят один	3.043625
165	files/02e2fd7b2355a14ad60fdeedecfcf968.wav	кто такой человек паук	кто такой человек-паук	2.2536875
166	files/596548a20da4719c2778d2199ec3c963.wav	афина включи братья кратт	афина включи братья крат	2.7474375
167	files/d742ff48fb6d23d92eeb85b068f93bd1.wav	как повысить температуру тела	как повысить температуру тела	2.9015625
168	files/fe26e0a65af5c6a09187a54b664fb595.wav	сбер зачем человеку цель в жизни	сбер зачем человеку цель в жизни	3.245125
169	files/e57f5576cd84f959b008da37b3f06a25.wav	что такое стыд	что такое стыд	1.3655
170	files/52e3c1327680d78b9a0a2cba6a52317f.wav	кафе баттербин	кафе батярбин	2.14625
171	files/76c369a6588380d56f7e80edaffdba57.wav	салют почему в петербурге на станциях двери	салют почему в петербурге на станциях две двери	5.128375
172	files/3a6b78049670a6aabd72ba9340ac5fc3.wav	джой почему пластилин слипается	джой почему пластилин слипается	3.550375
173	files/a111159f83dd22d6a1e22cda97c08b6b.wav	джой что значит захватить мир	джой что значит захватить мир	3.3443125
174	files/3dae2322f67232d2d7fed515cc3ca7be.wav	салют зачем копить деньги	салют зачем копить деньги	3.21
175	files/885170ca5413cb7540d257135bccdd6b.wav	афина что такое нейросеть	афина что такое нейросеп	2.956375
176	files/6a3b722c42c4cf2b851822ad2a99edbd.wav	эбби хэтчер	эбби хэтчер	2.3999375
177	files/3a4b510d2e0cb46c4883252f94310601.wav	что делать если кошка дерет обои	что делает если кошка дерёт оболь	3.490125
178	files/cb7068e6c986ad90edcd95f99d8bc601.wav	афина что такое титаник	афина что такое титаник	2.519875
179	files/de5f70763f73d3d3836423ad7ebbff7e.wav	джой почему морские свинки так называются	джой почему морские свинки так называются	4.40425
180	files/b03a371a0013a10e566047c88e8be6f3.wav	сбер включи пороро	сбер включи пороро	3.0071875
181	files/f6fcdaf9c99c0930a5619f1295dc7960.wav	афина чем мурчат кошки	афина чем мырчат кошки	2.7171875
182	files/b1af590c44723fa70c19d7d666532d81.wav	сбер как нужно одеваться	сбер как нужно одеваться	2.0225
183	files/7ab97ba363d56c44ce619f0b901288b9.wav	салют найди чуня	салют найди чуня	2.1485
184	files/b5e27c259b43c517cfc00a267122bb08.wav	афина как не убираться	афина как не убираться	2.69825
185	files/2cad5da7e09765c8fedb608e918f700a.wav	салют кто лучше играет месси или роналду	салют кто лучший играет мэсси или роналду	4.738125
186	files/0a241e2a814d5895808c135eebcc48e3.wav	афина почему трамваи едут по рельсам	афина почему трампа и трамвай едут по рельсам	4.841125
187	files/dc9defdec106a75532021b9de89b394c.wav	афина кто красит редиску под землей	афина кто красит редиску под землёй	4.042875
188	files/d59590775bce229b7c16433ed98009f1.wav	почему я не нравлюсь девочкам	почему я не нравлюсь девочкам	2.624125
189	files/6aa51997373f6338ea960139b817b589.wav	джой найди египтус	джой найди египтус	3.189375
190	files/34db979b0fe154ace366ed63b9cbbb32.wav	что будет если луна исчезнет	что будет если луна исчезнет	2.4650625
191	files/3379b9f8c4562d2909bff16a78b0a3b2.wav	салют почему жизнь в галактике млечный путь есть только на нашей планете	салют почему жить в галактике млечный путь есть только на нашей планете	7.1445
192	files/8a71f67995402ec29c29e5b2e1a57a59.wav	зачем нужны фразеологизмы если они никому не понятны	зачем нужны фразеологизмы если они никому не будут не понятны	5.231625
193	files/10b22f591e37510bf54473c8f7ac3f99.wav	афина почему лампочка светит	афина почему лампочка светит	2.505375
194	files/9ce8f5ede1e2de3f136e18d2dc310f7f.wav	как повысить температуру тела	как повысить температуру тела	2.701125
195	files/77321b65be822fdae8178123feb06036.wav	афина включи братья кратт	афина включи братья крат	2.6209375
196	files/98e8236d098fd8af59df4dd4a7f161c6.wav	что такое стыд	что такое стыд	1.898375
197	files/85813082b8d131a0cb5bfc4ad51afe28.wav	сбер зачем человеку цель в жизни	сбер зачем человеку цели в жизни	3.579875
198	files/b6c08869b9a01ccf3a779ea0334e0f92.wav	почему конфеты сладкие	почему конфеты сладкие	2.1744375
199	files/29a1891bd1b66bf9c1c7eba3ada061d0.wav	джой что такое блатные слова	джой что такое булатные слова	4.1816875
200	files/d9e8db81ee152dc832c0ea961200f2c0.wav	афина включи рапунцель	афина включи рапунцель	2.078
201	files/686e47b2a9cf91cedd84a256c8d72ccf.wav	афина йоко	афина еоко	1.5755625
202	files/41cf83f5d2a7e599ca0f81cb1c3d1c7c.wav	зачем львам грива	зачем иван грива	2.589
203	files/1db939032517aaa02717c767e4df07fc.wav	салют как муха держится на потолке	салют как муха держится на потолке	4.0234375
204	files/8cccd3612e2aac065b2086673e20bd21.wav	салют как прикормить единорога	салют как прикормить единорога	3.694875
205	files/0d845e3a92e7d381cf4bbb2789dc9a8f.wav	сколько можно пить свекольного сока	сколько можно пить свекольного сока	3.9135625
206	files/aed92343b54e34c25e8a45de6685d10c.wav	что такое макет	что такое макет	1.617125
207	files/8dc9d5ad31b0652cd1a61d807d83a4d6.wav	джой что такое электронная почта	джой что такое электронная почта	3.1455
208	files/76fe0b3a6f997af284695ad9f53ec6fa.wav	что такое перспектива	что такое перспектива	2.2981249999999998
209	files/a51f4409688d379c9b662125a14d869a.wav	паровозики из чаггингтон	паровозики из чагингтон	3.3323125
210	files/a59d4f710f6f4776f57a13d4f24aea19.wav	почему слоны не летают	почему слоны не летают	2.2530625
211	files/39e26a12725d2d13478c929fa8511cf8.wav	джой почему бумага шуршит	джой почему бумага шуршит	3.0913125
212	files/ee9052e7a024c2bc03b827d61f7aa766.wav	сбер что такое интернет	сбер что такое интернет	2.404875
213	files/340c3a6e5cb55a0626bf9256b3379ac2.wav	кто такая сири	кто такая сири	2.2090625
214	files/9cb1ddfff3548e93697c6c9128a9e758.wav	кто придумал лампы	кто придумал лампы	1.7578125
215	files/2b7433de6e152d0dc498dc35d0398b70.wav	афина как найти клад	афина как найти клад	2.6598125
216	files/f84d3d140cf2155ce3f9af9350510236.wav	где у земли верх и низ	где у земли вверх и низ	2.28775
217	files/f49271d87a7764304da70d4ef5943b56.wav	сбер как объяснить ребенку что такое электричество	сбер как объяснить ребёнку что такое электричество	4.0616875
218	files/6b35c8145a064c41a40e2349ec60547f.wav	сбер почему нельзя есть козявки	сбер почему нельзя есть козявки	3.2148125
219	files/1b5c9b2ef5cacbc9e36ede65394a8a4c.wav	джой когда рак на горе свистнет	джой когда враг на горе свиски	3.530625
220	files/777fe0d6bce366f3a0d6f8e7f3428292.wav	сбер какие есть самые крутые игры про будущее	сбер какие есть самые крутые игры про будущее	5.6366875
221	files/a507d80a59f7536f80225ef84a4e5851.wav	афина как стать русалкой	афина как стать русалкой	2.8345000000000002
222	files/1b5c8c4fad39486fccc05d916f3d87a8.wav	салют найди новые луни тюнз	салют найди новые луни тюми	3.866875
223	files/7b379ea2d5b25504204ba9460877db4d.wav	какая биография у пушкина	какая биография у пушкина	2.4543749999999998
224	files/85cf92ed933dd7f9b58537b055dc382b.wav	салют поставь явь	салют поставь	2.353875
225	files/8e33f816dba87deb4039015cacb070fc.wav	сбер не нравится	сбер не нравится	1.4859375
226	files/ac149f9d7ec3c6032f52ec603b4ed8ac.wav	джой звонок надежде васильевне балакиной	джой звонок надежде васильевне балакиной	2.6589375
227	files/6482f3d47e6e8a4aed2a352954c1aa35.wav	джой надоело	джой надоело	1.260375
228	files/1bac7fb54697703e786ca377da6c5d83.wav	сбер стоп	сбер стоп	1.0465
229	files/364028cda638e71e33b9a9642d445a84.wav	сбер покажи текст песни	сбер покажи текст песни	1.8788749999999999
230	files/1180f6fddda4088f37ca037112cc2269.wav	джой выйди из приложения	джой выйди из приложения	2.32525
231	files/d9f6df1a498914a85e464ed5b480a686.wav	афина перезвони рябинину	афина перезвони рябинину	2.220125
232	files/5e6079968307ee435b29d77c22bee50f.wav	сбер лайк	сбер лайк	0.9864375
233	files/719684e1d977db29cef9c56e17691f51.wav	салют дальше	салют дальше	0.9154374999999999
234	files/f2e614199cd921b5a773edcd4f490f58.wav	афина сверни приложение	афина сверни приложение	1.8265
235	files/c52651a784f2490a08edb621b3e9f397.wav	салют набери варвару юрьевну чернову	салют набери варвару юрьевну чернову	3.61375
236	files/83341ccc0f3c2afd65a9a907b562ae89.wav	сбер дальше	сбер дальше	1.7800625
237	files/4a94ade3f6166da61ea3c9ffa64439ac.wav	афина набери викторию	афина набери викторию	1.768875
238	files/b6240f331192779afea96968dc5f4733.wav	афина завершить навык	афина завершить навык	1.975
239	files/b53dbd431bcae55fa13d236230103a71.wav	афина мне не нравится	афина мне не нравится	1.9448124999999998
240	files/d73f6299f17c79412bf73cd0f383f680.wav	сбер перезвони шарипову	сбер перезвони шарипову	2.1848125
241	files/47ef7c8af998779b5d77e90bf76a77fe.wav	джой мне нравится	джой мне нравится	1.6026875
242	files/ba12f24e493ee6afd6fdf6ca706b1934.wav	салют назад	салют назад	1.4080625
243	files/9b941318ef25009480023ac1adbf414c.wav	сбер завершить навык	сбер завершить навык	1.8363125
244	files/9fa6c71e882289c577a197d572e3bee4.wav	афина назад	афина назад	1.264125
245	files/ef1c9e76da47e4d9c4ac87d5ae3464aa.wav	сбер надоело	сбер надоело	1.4010625
246	files/fdfc5540cf97101484a6bab608e6a268.wav	сбер набери анкудинова	сбер набери анкудинова	2.23825
247	files/f3857da8fe39cf6b8a3d0588967954db.wav	салют сворачивай	салют сворачивай	1.4313125
248	files/390ed807a936a72375677088533ed401.wav	салют остановить	салют остановись	1.325875
249	files/1942faba3e47a1ed3c72390aaeac3012.wav	салют мне не нравится	салют мне не нравится	1.923375
250	files/5e13e3b64e18be6a4ff82e15e5f7acc3.wav	афина набери евгения	афина набери евгения	2.309625
251	files/cdb91ff368acefcf75310cf9692824eb.wav	сбер позвони зарубиной	сбер позвони зарубиной	1.9800624999999998
252	files/d9b85e4adcc27f3fe1f90fbb935c124e.wav	сбер остановить	сбер остановить	1.832875
253	files/fd809bdbcc07458510b39b270da53320.wav	афина дальше	афина дальше	1.509875
254	files/9914ada0974798f27be2ba9373076ff9.wav	афина выключи	афина выключи	1.2249375
255	files/05afb29b114a9d02cdead2913e2b30fb.wav	афина приложение сверни	афина приложение сверни	1.693
256	files/57d357220da7a78b6b9d0d1fc3aca158.wav	афина предыдущая	афина предыдущая	1.5719375
257	files/de16f23b88a5d7e82125d03c5cf51e02.wav	джой набери окси	джой набери окси	2.0315
258	files/fc9a2f13dfcb3f2c493ff67adedaae8f.wav	салют набери руслана	салют набери руслана	2.0065
259	files/6c7d356dbf55f6d48beab365b8db5b41.wav	джой следующая	джой следующая	1.3603125
260	files/3b7be8ecbbe5daf7ff52e42d2c9fa12e.wav	джой набери оксану сергеевну	джой набери оксану сергеевну	2.2721875
261	files/5c4ded856c6c34c086dd2bdc3ac6c8ea.wav	салют вызов лихачевой	салют вызов лихачевой	2.6554375
262	files/44ed0337886cddb41cf995923acc1aca.wav	салют выйти из сценария	проблем	1.5221875
263	files/38acb56a5399f09871e6f32b4b03338c.wav	сбер сворачивай	сбер сворачивай	1.741625
264	files/83ba03bb3e08ad68605add15369e28d0.wav	салют вперед	салют вперёд	1.601375
265	files/6d2ed853b65c68b83875a5615d7069c9.wav	салют выйти из приложения	салют выйти из приложения	1.826375
266	files/1e1ef904abf4433ff2ff4f3482cfc769.wav	сбер вызов ашоту	сбер вызов ашоту	2.2839375
267	files/585c2c99b73d032c6799711237683e41.wav	афина хватит	афина хватит	1.2050625
268	files/c9726887c26a3cb44e710d0e2fd1346f.wav	сбер перезвони василевскому	сбер перезвони василевскому	2.7576875
269	files/5512df7caf7c1417b8ceae688ee347c4.wav	афина закройся	афина закройся	1.8028125
270	files/5463033113ec14d87ac2e357ef1b8dcb.wav	сбер караоке	сбер караоке	1.2933124999999999
271	files/0192e66795baa09424efbac5710f6992.wav	афина прекрати	афина прекрати	1.2546875
272	files/54ff0014607c05c05eae919c00ccc2f8.wav	салют следующий трек	салют следующий трек	1.4671875
273	files/ed06ba288a40decedf6b1d9eec81bd45.wav	афина позвони гусеву	афина позвони гусю	2.0124375
274	files/d79fb315e490ff3dcab4447b754ded31.wav	сбер перезвони дмитрию ирековичу ковалеву	сбер перезвони дмитрию ирековичу ковалеву	3.639625
275	files/90f110583f171e8f626e8addb997694a.wav	сбер закрой приложение	сбер закрой приложение	2.2160625
276	files/f22fc20b8d5ceb1e125741d174159953.wav	джой позвони анне владимировне	джой позвони анне владимировне	2.707875
277	files/10a8b64053dd978ebbfca6b464ab1abe.wav	салют набери ильдара викторовича	салют набери ильдара викторовича	2.498
278	files/e15dc930a98c0e0cc2bcb7a23839a981.wav	сбер перезвони ольге владимировне хуснутдиновой	сбер перезвони ольге владимировне хуснатдиновой	4.5190625
279	files/8df40f8ea1035ceec37735ae094fbc52.wav	джой набери дениса геннадьевича	джой набери дениса геннадьевича	2.106375
280	files/cdfc5b457b79de4efcab119f6d54d8b9.wav	сбер позвони леонтьевой	сбер позвони леонтьевой	1.746125
281	files/d3dfc6931936ff7f03f53f423ce2362b.wav	салют назад	салют назад	1.5141875
282	files/dde8e3140b16a98a948a05f9a58370bc.wav	афина набери комарову	афина набери комарову	1.6011875
283	files/7d634ad71785f461254c3da620c8fa14.wav	сбер набери наталью юрьевну григоренко	сбер набери наталью юрьевну григоренко	2.4975625
284	files/b999e813f4df6fae5e16cccb86994428.wav	сбер повтори	сбер повтори	1.01525
285	files/fae7feca93f4b22a73334d7390b5467c.wav	джой набери валентину ивановну	джой набери валентину ивановну	2.0663125
286	files/f8898d8c0c861a36e0ea9b38068e7d4d.wav	салют перезвони валентине викторовне голубцовой	салют перезвони валентине викторовне голубцовой	3.010625
287	files/79090ee90c03208b9cc6335107b70b45.wav	сбер покажи текст песни	сбер покажи текст песни	1.9339374999999999
288	files/28125b79bd848b099ad0bc8b28461738.wav	джой набери склярову	джой набери склярова	1.7265000000000001
289	files/a93e5e96484e21d17860459437dc773b.wav	салют звонок анастасии	салют звонок с анастасии	2.1271875
290	files/db98e6389f048330f6736e33aac8ebfc.wav	сбер набери мадину хореву	сбер набери мадина хорио	2.060375
291	files/42cb572c157eea25cb76a5646ec98ba2.wav	джой набери крючкову	джой набери крючкову	1.6828750000000001
292	files/c7990787f2d693068b5b0d813e488c6a.wav	сбер стоп	сбер стоп	1.4119375
293	files/59a1736f54b4914e3ce5dbca9c65748c.wav	джой набери жанку шалыгину	джой набери жанку шалыгину	2.2150625
294	files/8b56c2deeacc3f2c81e2ba34e5716271.wav	салют выйти из приложения	салют выйти из приложения	1.8333125
295	files/3ee5eb18aad1639b77a920759f1eeb86.wav	сбер вызов сергею анатольевичу	сбер вызов сергею анатольевичу	2.862
296	files/0f41314a5c6ac9f4907f1c5eb74a3ff0.wav	салют набери дрона быкова	салют набери дрона быкова	2.0969375
297	files/739494a2866ded10839d8d97061f3988.wav	салют не нравится	салют не нравится	1.208875
298	files/2d11a22f8aadddd5e79b741a333b8002.wav	салют набери наталью федотову	салют набери наталью федотову	2.0181875
299	files/2a6f80a337863c0810f326ae24d35446.wav	джой выйти из приложения	джой выйти из приложения	1.9100625
300	files/cef7057a72ab0c1fcdc78b4cb636bcf8.wav	джой повтор	джой повтор	1.235125
301	files/29fbbb068d24e941c741d7938bb449cf.wav	афина выйти из приложения	афина выйти из приложения	1.7215
302	files/1b7ea8da36ba08f5c84d41f27320f1b2.wav	салют приложение сверни	салют приложение сверни	2.34425
303	files/619124946efa3b3ad6b680bc874c2983.wav	афина сворачивай	афина сворачивай	1.8939374999999998
304	files/5f0150a7338678c5b9a46c58325b9f3b.wav	афина завершить навык	афина завершить навык	2.172875
305	files/e9ba64a01ffc82140bd82212e373d981.wav	джой играть сначала	джой играть сначала	1.4065625
306	files/e54d56ece14ca1a2ec889bc86b9d89cc.wav	салют повтор	салют повтор	1.2415625
307	files/c6482a720f5a40135bfc45a0d49219a4.wav	джой выйди из приложения	джой выйди из приложения	2.2165625
308	files/7071f278da55984d565af8e7f2d40841.wav	афина сворачивай приложение	афина сворачивай приложение	2.4202500000000002
309	files/79ed78474cb622a804f4b1804962fb13.wav	сбер набери кулика	сбер набери кулика	1.5415625
310	files/afc93afd25513a78d3e29838624619f3.wav	афина перемотка	афина перемотка	1.5834375
311	files/289ab0d7a3645c7dfc4d42e02dfb0e3b.wav	джой перемотка	джой перемотка	1.6767500000000002
312	files/aa4711795a2d9dbbe3a1adad608c93fe.wav	салют предыдущая	салют предыдущая	1.80075
313	files/087e7452b324ed231a2dfa01457f29cc.wav	афина выключи	афина выключи	1.291875
314	files/72ac3c871127b2ea37174819f9985423.wav	салют выйти из сценария	салют выйти из сценария	1.7405625
315	files/7dadeb35506aac16dd811e9b7d425e68.wav	салют перезвони андрюхе	салют перезвони андрюхе	2.264875
316	files/513c60b8df9ca903c69887777f234e14.wav	афина звонок субботину	афина звонок в субботину	1.8175625
317	files/f364af57afbded3ad2ab91e695f2ca9f.wav	салют набери сергея андреевича	салют набери сергея андреевича	2.1876875
318	files/58bc8e550bc405be294b851d72a53607.wav	салют предыдущий трек	салют предыдущий трек	1.9836874999999998
319	files/00a86763f9cb3a97cea8507c8d9737ef.wav	салют позвони владимиру петровичу	салют позвони владимиру петровичу	2.294625
320	files/7c97dfdd87b0207dd835ce06a129b003.wav	салют дизлайк	салют дизлайк	1.204625
321	files/2d4b0746ad28cc0ac4f9c3a71464b543.wav	сбер выйди	сбер выйди	1.3760625
322	files/b89fb0e648ca3d3be58468490cfcf27d.wav	сбер набери ксюху	сбер набери ксюху	1.8131875
323	files/6dacae413944f911f0d24106de6b3ec1.wav	салют не нравится	салют не нравится	1.5295
324	files/5335f0070b4f4e995bfbb2c111568f7c.wav	афина набери светлану	афина набери светлану	1.8876249999999999
325	files/88cbd249a7e39f14ff21b92016910c0e.wav	сбер набери дрона грачева	сбер набери дрона грачева	2.476
326	files/f49f0141b0c960eba1155652b213e54a.wav	джой набери веру	джой набери веру	1.296
327	files/c16417a01fa25b7e07c7e8c6928aa388.wav	сбер не нравится	сбер не нравится	1.2630625
328	files/94c1d721ab8fa93f2369e7a605ed09eb.wav	афина какие виды португальские колонии ты знаешь	афина какие виды португальские колонии ты знаешь	3.9229374999999997
329	files/3aa5c268c83e7ea7efb490518fe7c669.wav	джой не видно баланса карты	джой не видно баланса карты	2.450375
330	files/95ffe8266dfaf414711806d4b2f33cd1.wav	афина включи уведомления в телефоне по карте	афина включи уведомления в телефоне по карте	4.3986875
331	files/6aeb0bc0a036bb57200a602fbdcad89c.wav	салют когда возник новомосковский административный округ	салют когда возник новомосковский административный округ	4.8633125
332	files/bb16e76d9e43da80f14848285b0d74f4.wav	джой включи телеканал курай	джой включи телеканал курай	3.233875
333	files/0043592661b915d774bc17e89fd695de.wav	салют сколько предприятий являются клиентами сбера	салют сколько предприятий являются клиентами сбера	4.4455
334	files/1ad71a1845e05b2f63cc8c98f4098ddd.wav	афина запустить телеканал лдпр тв	афина запустить телеканал лдпр тв	4.167875
335	files/269e7ca24e53d070659082cc359af749.wav	салют второе воскресенье апреля это какое число	салют второе воскресенье апреля это какое число	4.072
336	files/12fafb056ff80e6fc258f1adcc221c69.wav	афина здравствуйте помогите подключить быстрый платеж	афина здравствуйте помогите подключить быстрый платёж	4.99875
337	files/ebbb5c2b747573edc277a564865a60db.wav	салют заплати на рт но иркутск	салют заплати на рт но иркутск	3.7664375
338	files/93d8aad0368f872b4b4d20316cdb617d.wav	салют хочу стать политиком	салют хочу стать политиком	2.9351875
339	files/36e441e6396da55ef60bcd7efd057465.wav	афина что сводится на нет особенностями хозяйственного механизма акс	афина что сводится на нет особенностями хозяйственного механизма акс	6.117625
340	files/78e5e3f6c18fc6cdd569ea0daa14bfd5.wav	сбер какая валюта в узбекистане	сбер какая валюта в узбекистане	3.29425
341	files/024dcfdacd238fdc87d8faac235df377.wav	джой ты когда нибудь сможешь простить меня	джой ты когда-нибудь сможешь простить меня	2.89425
342	files/cb496e85014bab04731bbdd6a45386e5.wav	сбер показать канал в гостях у сказки	сбер показать канал в гостях у сказки	3.0100625
343	files/a86d465044b9eae84347caa183f8deb2.wav	джой сберовские котики	джой сберовские котики	2.6379375
344	files/e336809d9c1b6d142e6a43653be924a7.wav	салют можно использовать бонусы для связи мтс	салют можно использовать бонусы для связи мтс	5.156125
345	files/fdf4d2acbe24c40c77109659306579ab.wav	сбер это моя машина	сбер это моя машина	2.2694375
346	files/b10895ebf96496878368cf565dbf4fd3.wav	афина в таиланде евро	афина в таиланде евро	1.9833124999999998
347	files/d4cd0598ecf1e685b25e48c3e936e19d.wav	сбер привет сколько сейчас времени	сбер привет сколько сейчас времени	2.66925
348	files/f5f55d384e6ff13d4566c018ed126cc8.wav	джой какое самое глубокое озеро в мире	джой какое самое глубокое озеро в мире	3.6381875
349	files/86cda925ded411ffb52fc626eead35bd.wav	салют оставить заявку на кредит	салют оставить заявку на кредит	3.4450625
350	files/0e4f06ab31e95bc236246f3e8aefa71d.wav	афина какая валюта используется в городе ростов на дону	афина какая валюта используется в городе ростов на дону	4.2294375
351	files/f8de1890e40b4426fc0890de4ada8095.wav	салют какое ограничение по возрасту у форсаж три	салют какое ограничение по возрасту у форсаж три	4.2505
352	files/f7302deda7b3185230d6bbaa27b33eb4.wav	джой веб сайт чемпионат испании по футболу	джой веб-сайт чемпионат испании по футболу	4.119875
353	files/de3b88eb6650c2818926bcade4105700.wav	афина тик ток компилейшионс	афина тик ток компилейшенс	3.4946875
354	files/62247e9a832bc86c34e6cfe9ba71a129.wav	джой сообщила пароль от карты мошенникам	джой сообщила пароль от карты мошенникам	4.5061875
355	files/779515ad1ddfc405fa40b134c0ffe153.wav	афина включи музыку из жанра классика	афина включи музыку из жанра классика	3.156375
356	files/fbce71aeba9a47c90f723033a2def627.wav	афина здравствуйте как узнать счет получателя карты сбербанка	афина здравствуйте как узнать счёт получателя карты сбербанка	5.71575
357	files/848ba8ea61579184752cd3d4ae382a6d.wav	салют найди мне мастера по наращиванию ресниц и забронируй место	салют найди мне мастера по наращиванию ресниц и забронируй место	5.226875
358	files/c6348b9981e44f656507aeeced9d51aa.wav	афина помощь в получении кредита	афина помощь в получении кредита	3.616375
359	files/2d3273bab54b474949ed20c96a9da0d0.wav	афина как можно познакомиться с твоей девушкой	афина как можно познакомиться с твоей девушкой	4.16725
360	files/617a2a4441b5096ff4ab824f4e4620dd.wav	афина брать ли дождевик	афина брать ли дождевик	2.333125
361	files/6c4c5740a4f3811a8114ac4920c18bc9.wav	салют заветная мечта кирсановой светланы	салют заветная мечта кирсановой светланы	3.951375
362	files/2b421e7bb7fa3f7131599da852c4cb0a.wav	афина пойдет ли снег сегодня	афина пойдёт ли снег сегодня	3.0901875
363	files/4b3e782e2f6465f2bd0bd90d6d16b30f.wav	джой сериал друзья девяностые	джой сериал друзья девяностые	2.6723125
364	files/930ce75e66bd59c76b2b9f61f65bb5b4.wav	сбер где упоминается бальзамирование	сбер где упоминается бальзамирование	3.3039375
365	files/5940d5864a8cd8db3a1397b347f05deb.wav	салют довольно хорошо	салют довольно хорошо	2.3161875
366	files/83dad0124d36a77e8f306c8d762c49b6.wav	сбер что такое лос аламосская национальная лаборатория	сбер что такое лос аламосская национальная лаборатория	5.6775
367	files/5062b139d504cf7cde4846138d5eca30.wav	сбер переведи пожалуйста десять рублей с моего телефона моей коллеге ира сенькова	сбер переведи пожалуйста десять рублей с моего телефона моей коллеге ира синькова	7.6410625
368	files/1822d928fb7622b2d9ec8342d05010f0.wav	джой почему в японии женщинам не дают готовить суши	джой почему в японии женщинам не дают готовить суши	4.286625
369	files/beea9a7bd6e26a63482183b9af1af612.wav	сбер запиши меня на наращивание ресниц куда нибудь рядом	сбер запиши меня на наращивание ресниц куда-нибудь рядом	4.30025
370	files/482a5b119949e14e73a538f0f8cc7c0c.wav	джой чем платить в туркмении	джой чем платить в туркмении	2.7146875
371	files/8da9ed2369e5d7372df67507fc3b6147.wav	салют посчитай пожалуйста восемь процентов от семи миллионов	салют посчитай пожалуйста восемь процентов от семи миллионов	5.114375
372	files/cb986a621532792cb7c54cd9f24b6491.wav	салют какие виды британская короткошерстная кошка ты знаешь	салют какие виды британская короткошёрстная кошка ты знаешь	4.9466874999999995
373	files/bfebef888305a940380c50935d5ae7e7.wav	афина в каких источниках описывается трапециевидная мышца	афина в каких источниках описывается трапициевидная мышца	5.6083125
374	files/1199dde1fb6068a0aebf716a488b7442.wav	джой какие виды лыжные виды спорта ты знаешь	джой какие виды лыжные виды спорта ты знаешь	4.43175
375	files/5ceafe10b27fb314e6eaeb7444d8ad4e.wav	салют старый друг	салют старый друг	2.385
376	files/dfc47a398f8d664f7c89cb1bca346346.wav	салют найти блюз	салют найти блюз	2.5110625
377	files/1ef51d0c860848e337a04ff61720ba74.wav	сбер пожалуйста поставь будильник на завтра на семь часов утра	сбер пожалуйста поставь будильник на завтра на семь часов утра	5.31025
378	files/4e1ea015255931b6aa0e913211135710.wav	сбер стоимость комиссии за услуги внесения или снятия денег посредством банкомата или кассы	сбер стоимость комиссии за услуги внесения или снятия денег посредством банкомата или кассы	7.493875
379	files/fc27b8ff8136811845ea173a9da0e005.wav	салют соверши перевод контакту по записной книжке	салют соверши перевод контакту по записной книжке	4.818625
380	files/854410809555b613fb93943270d75157.wav	сбер переведи тысячу рублей сестре	сбер переведи тысячу рублей сестре	3.9271875
381	files/3080175c0263f446ce72545b1d8783e1.wav	афина сколько стоит на сегодняшний день американский доллар	афина сколько стоит на сегодняшний день американский доллар	5.13925
382	files/80ffbfcf041274deacb7e2648336c1be.wav	салют к какому территориальному банку относится абакан	салют к какому территориальному банку относится абакан	5.55025
383	files/892399fc74376c47aacf73f36c275492.wav	салют российский аукционный дом услуги	салют российский аукционный дом услуги	4.543
384	files/552425f5ad1d673a6bc9d2c03ff174f7.wav	салют карта маршалловы острова	салют карта маршалловы острова	3.81225
385	files/fcea85573b1fa4b69de234c2250a6cf6.wav	сбер почему в лидерах продаж крупных московских книжных магазинов нет книг донцовой люди перестали ее читать или магазины намеренно не включают	сбер почему в лидерах продаж крупных московских книжных магазинов нет книг донцовой люди перестали её читать или магазины намеренно не включают	12.339625
386	files/0c22f2584c6b75a2c9bba8bc1fed9dab.wav	салют фильм с эди мерфи как он искал невесту в америке	салют фильм с эдди мёрфи как он искал невесту в америке	4.67025
387	files/4ae6f3a2360479bd2717d0966b13dafe.wav	афина что значит демпинговать	афина что значит демпинговать	2.900125
388	files/78f6519cffa275f6cc75b341d23d38e2.wav	афина здесь есть проблема с балансом карты	афина здесь есть проблема с балансом карты	4.41225
389	files/864ff67a432c98e60fbe49d18b750198.wav	сбер комиссия за перевод денег	сбер комиссия за перевод денег	2.627625
390	files/1d783c6424f99861df273e3aa4988b6a.wav	сбер что делать если не отображаются данные в личном кабинете сбол	сбер что делать если не отображаются данные в личном кабинете сбол	5.65275
391	files/beda83bc81543b8830c1d7cc8198957d.wav	сбер род войск лейбштандарт	сбер род войск лейбштандарт	3.8226875
392	files/9bf3e406959e69290bffaeb8751efb27.wav	джой увеличить яркость света в три раза в помещении	джой увеличить яркость света в три раза в помещении	5.001
393	files/f0851d60c28ffdf97c524197e6de9f7a.wav	салют код автомобильного номера федеративная республика нигерия	салют код автомобильного номера федеративная республика нигерия	5.97725
394	files/7316949fd38379aa0e04fb3c1a44ed04.wav	афина мне нужны с участием бреда питта	афина мне нужны с участием брэда питта	4.2024375
395	files/8b0c79124873b61a86fb742ae95f04f8.wav	салют позывной аполлон двенадцать	салют позывной аполлон двенадцать	3.429
396	files/764d3d3d59f6064a93383ff57ec4ede7.wav	афина включи здоровое тв	афина включи здоровое тв	3.327875
397	files/e6dda6fb9b407ad9877471cb792a15bb.wav	джой здравствуйте почему у меня не происходит платежный перевод за кредит	джой здравствуйте почему у меня не происходит платёжный перевод за кредит	6.2433125
398	files/46ffea1147ac7107840ef588fd13b5f0.wav	джой заказать малый соленый к просмотру	джой заказать малый солёный к просмотру	4.21775
399	files/7ae184af235090dfc7862d444205d5bd.wav	джой чем может зарабатывать художник	джой чем может зарабатывать художник	3.538875
400	files/5e50e0f9287accd3d776f5c0377dc1f5.wav	салют какие неореализм в кино ты знаешь	салют какие неореализм в кино ты знаешь	4.1438125
401	files/8fa3844fab20ef959a152507adff2862.wav	джой кто из алжир	джой кто из алжира	2.348625
402	files/1b50f7ad277404654353f20bc26fd536.wav	джой могу ли я забрать карту в по другому адресу	джой могу ли я забрать карту по-другому адресу	4.9356875
403	files/bfacd68d93c7e45092b02fb9073ca324.wav	джой сайт центральный музей военно воздушных сил рф	джой сайт центральный музей военно-воздушных сил рф	4.809
404	files/ecbe2c9fd55defe194282dbff8cf19b5.wav	сбер мне так тоскливо и одиноко	сбер мне так тоскливо и одиноко	2.976
405	files/0200b04d96159ed3b76a8264b44823dd.wav	сбер давай отправимся на марс	сбер давай отправимся на марс	2.6494375
406	files/a41c518fd335c6b91d00212b38ca08b7.wav	салют карту потеряла по номеру телефона могу	салют карту потеряла по номеру телефона могу	4.354625
407	files/f9f70bbe81b791db669553ccae427364.wav	джой отправить со сбербанка десять тысяч контакту ольга работа	джой отправить со сбербанка десять тысяч контакту ольга работа	6.356
408	files/a4bcb14129f154fe07e9f95cc369f595.wav	джой мне нужно подключить уведомления по операциям по карте к номеру телефона	джой мне нужно подключить уведомления по операциям по карте к номеру телефона	6.2283125
409	files/ba2c372abca95a908b1fed75be22fd75.wav	салют особенно в каких отраслях этот процесс связан с развитием новых технологий	салют особенно в каких отраслях этот процесс связан с развитием новых технологий	6.88025
410	files/c2f0943473b920f987dfdaf8e6b5346a.wav	афина сделай так чтобы трек повторялся	афина сделай так чтобы трек повторялся	3.4330625
411	files/7e3111ec8e00e767aa6b6892a30e4643.wav	джой на каком языке написано белла	джой на каком языке написана белла	4.6274375
412	files/ca1faf13a9028e1cc2c8562b6ea68371.wav	джой поставь музыку которая сейчас играет еще раз	джой поставь музыку которая сейчас играет ещё раз	4.049
413	files/75514ce3a962634b8aa812aa0955c934.wav	салют в каких фильмах уэса андерсона играл эдриан броуди	салют в каких фильмах уэса андерсона играл эдриан броуди	5.214375
414	files/08e42ad6973d06da25caa1a35926e6d1.wav	сбер сто тугриков сколько в рублях	сбер сто тугриков сколько в рублях	2.6840625
415	files/2475f160c5dd7047d2b762ab101bdd42.wav	афина сколько всего карл мортира	афина сколько всего карл мортира	3.651875
416	files/81ab18f4b9b63338ef7f4f1913886d62.wav	афина давай через пять минут спать	афина давай через пять минут спать	3.4801875
417	files/e1799282b234a4f37b4cd8c0d5d75c84.wav	сбер какие виды парадокс эйнштейна подольского розена ты знаешь	сбер какие виды парадокс эйнштейна подольского розена ты знаешь	5.4456875
418	files/04d1f88a047fd547b3dc86cdf7a03f9e.wav	сбер перетасуй эти песни	сбер перетасуй эти песни	2.2635625
419	files/4a2cb8569a1e3cfb2a1ec5961aba7fee.wav	сбер подскажите самый лучший курс доллара к рублю в москве	сбер подскажите самый лучший курс доллара к рублю в москве	4.109875
420	files/59646387f37b1f1868e3ebe74d5f23ec.wav	афина почему запрещают польские яблоки и турецкие томаты а не китайские товары	афина почему запрещают польские яблоки и турецкие томаты а не китайские товары	6.0395625
421	files/8fe02eca585e84c0a008e07538262361.wav	сбер запиши на коррекцию маникюра и педикюра	сбер запиши на коррекцию маникюра и педикюра	3.50875
422	files/943e3aede5a6a8e418b9c594138f6af5.wav	сбер форсаж известныи саунтрек	сбер форсаж известный саундтрек	3.0415625
423	files/880a170147da07c20c6f56ec0b43beaf.wav	сбер как изменится курс евро на завтра	сбер как изменится курс евро на завтра	2.7535625
424	files/7e9ef83284f5a46d67c50f106152bab5.wav	сбер сколько денег на всех картах	сбер сколько денег на всех картах	2.622375
425	files/43b76bc8b465aff03a317826f2463fea.wav	сбер найди счет за пополнение ерц жкх	сбер найди счёт за пополнение ерц жкх	4.4714375
426	files/6a4f4ee5308cfe26cee9aca52b45665d.wav	джой это было ужасно	джой это было ужасно	2.2295625
427	files/d42f350d8c616b442cb53841ff7c861a.wav	афина сделай на пятнадцать минут вперед	афина сделай на пятнадцать минут вперёд	2.5865
428	files/324b403a93bd8c20135e339ff19d7fd3.wav	афина мне нужно кое что сделать	афина мне нужно кое-что сделать	3.009875
429	files/bcd8d573889f5cee7114e0ed7413cbd4.wav	афина я пошутил	афина я пошутил	1.7658749999999999
430	files/5533a53d72b4e91a7845efeea713ce35.wav	джой николай лебедев фильм про русь	джой николай лебедев фильм про русь	2.9171875
431	files/77d5555cf7875762e9eca63f3f324f15.wav	джой я лучше пойду	джой я лучше пойду	1.7005625
432	files/e1c652e6df00f004768b3baf8354a5ae.wav	афина какие виды эрис ты знаешь	афина какие виды эрис ты знаешь	3.1390000000000002
433	files/3b074602649e7dc257a3580abdcb8fed.wav	джой это грубо	джой это грубо	1.6945000000000001
434	files/6090b1c837db6b6ec1fb4d9955b6bdbd.wav	сбер запишите меня к терапевту на ближайшее время	сбер запишите меня к терапевту на ближайшее время	4.0929375
435	files/1b6cc19b90e9d785372669113af82008.wav	афина пополни счет компании благоустройство	афина пополни счёт компании благоустройство	3.76
436	files/094164c1861344fb32af9c53e3c7f695.wav	афина дайте мне реквизиты моей карты для проведения платежа	афина дайте мне реквизиты моей карты для проведения платежа	4.498625
437	files/ee268fac625a49db0db56fc0bcbe32c7.wav	салют какое количество кинофильмов было снято при помощи синематографа	салют какое количество кинофильмов было снято при помощи синематографа	6.3650625
438	files/b7bc447c6f69d499fdd2de4564f02a40.wav	салют скажи мне название последнего фильма с джонни деппом	салют скажи мне название последнего фильма с джонни деппом	3.6586875
439	files/f14dfc7cd84bf99389d2a0c140fa46c8.wav	афина увеличь яркость на веранде на тридцать пять процентов	афина увеличь яркость на веранде на тридцать пять процентов	4.8834375
440	files/38468c5f7d346bfb39c254e783f95548.wav	джой олег владимирович играет в футбол	джой олег владимирович играет в футбол	3.4370625
441	files/0af12c9f57213f06c2b2f59817038df8.wav	салют покажи телеканал три ангела	салют покажи телеканал три ангела	2.893125
442	files/393d3edb816090c6d4d700b679219bfc.wav	салют лимит кредитной карты как можно увеличить	салют лимит кредитной карты как можно увеличить	3.83275
443	files/40e4a11a71d81bbab8431a0a03a0af34.wav	салют какие виды юрлицо ты знаешь	салют какие виды юрлицо ты знаешь	3.7158125
444	files/c120241e092a5baa9746c5ad79aa54b2.wav	сбер короткое название ека	сбер короткое название ека	3.412
445	files/01571c229158bfac1c769b08896056d7.wav	салют чем платят у тайцев	салют чем платят у тутайцев	2.921875
446	files/1002705c7da808179c0c89a86d7fa181.wav	салют поставь че	салют поставь че	1.8504375
447	files/704e02b32ef7b9cdb36544682425c0a9.wav	сбер пришли на электронную почту справку о платаже	сбер пришли на электронную почту справку о платеже	3.9900625
448	files/7b8a92a02db4a967ce0ef293140721fb.wav	салют в каком городе находится памятник родина мать	салют в каком городе находится памятник вродина мать	3.5569375
449	files/eddf48b305b21cd67d32856fcafcf994.wav	афина прими вызов от альберта	афина прими вызов от альберта	2.705625
450	files/508f135cbb3f4b6b6598e27abddd1bdd.wav	сбер я хочу узнать историю операций по всем картам как мне это сделать	сбер я хочу узнать историю операций по всем картам как мне это сделать	5.898625
451	files/0c25028aa2164b1342ccab953b8c5b06.wav	афина лучший курс доллара в банках гвинеи на сегодня	афина лучший курс доллара в банках гвинеи на сегодня	4.2014375
452	files/5b311c2ad938e0545e43fbb43ce30caa.wav	салют озвучь текущее время	салют озвучь текущее время	3.1284375
453	files/5d311dc1f8e60f3fc699bff90203e1dd.wav	джой как называлась организация для поддержки карт банка америки	джой как называлась организация для поддержки карт банка америки	5.630625
454	files/7fa212b900305c5f4099ead4c8fec70b.wav	афина у эдриана броуди есть актерские награды	афина у эдриана броуди есть актёрские награды	4.7465625
455	files/717712d73873551aafce194d253674fc.wav	джой включи нурбек студио тамада шоумен три	джой включи нурбек студио томадан шоумен три	4.586875
456	files/1d565297916d27e2cc3faaf662276003.wav	джой сколько лет рики мартину	джой сколько лет рике мартину	2.3770625
457	files/4a2747a16bff7288d588833c41c655a7.wav	джой найди мне пожалуйста детектив производства япония интересный	джой найди мне пожалуйста детектив производства япония интересный	5.1128125
458	files/7b1d1442ba484461df312dc79023c5fa.wav	джой скажи ка почем доллар	джой скажи ка почём доллар	2.9050625
459	files/399b599c84f5c2e77d25fe25af359af9.wav	сбер тебе пора	сбер тебе пора	1.3928125
460	files/422877072a3cf691a9f190a88e9f5063.wav	джой поменять офис получение моей карты	джой поменяй офис получения моей карты	3.0459375
461	files/50ca3ac22094cfcf212e9c9d4677cb5d.wav	джой мне песню добрынина синий туман	джой мне песню добрынина синий туман	3.1586875
462	files/8df9ceb0f69a4792dc692716fa6ea278.wav	салют почему не приходят уведомления от банка	салют почему не приходят уведомления от банка	3.30525
463	files/63f7d5600efe28b6af945cd374c3b034.wav	афина где могу отследить статус изготовления дебетовой карты	афина где могу отследить статус изготовления дебетовой карты	5.2419375
464	files/9cb97947f547acdb71ff4a6df07777de.wav	салют как называется валюта в пакистане	салют как называется валюта в пакистане	2.9290000000000003
465	files/80ac8c1b135bac7dfc5b4095ea65a82e.wav	афина дата выхода новой части ангелов чарли	афина дата выхода новой части ангелов чарли	3.8496875
466	files/2360213fbb0450ba77fd32bb846f4caa.wav	салют покажи банкоматы по дороге	салют покажи банкоматы по дороге	2.8945
467	files/de22192f5574943047e3d6a5f8a48f18.wav	афина подтверждаю	афина подтверждаю	2.060375
468	files/4ea631ebc06b4b43e5e76411361072a2.wav	джой попов занимается спортом	джой попов занимается спортом	2.8920624999999998
469	files/b7ce5556e6557b80854395f40a921b10.wav	джой какие псковский кром ты знаешь	джой какие псковский хром ты знаешь	3.8138125
470	files/9e7195964ca3f3dd1dcd7a15c779400c.wav	джой где можно купить валюту	джой где можно купить валюту	2.68375
471	files/5db54645397dc6b3f0bda15442e757a8.wav	афина может получим диплом	афина может получим диплом	2.7510624999999997
472	files/5b305aa8fba65075b9e028a6aeeda334.wav	сбер какой официальный язык в андалусия	сбер какой официальный язык в андалусия	3.9881875
473	files/17c68047ab8c2bbdeaf62dd9bba73aaa.wav	сбер найди нам лучшие детские фильмы	сбер найди нам лучшие детские фильмы	2.8869375
474	files/dd9930549abb0225e12b61c6a9e2239f.wav	джой какое мороженое любит бурико	джой какое мороженое любит бурико	3.425
475	files/d2a4289da4f6fac13a61f12be8814680.wav	афина есть у меня бонусы по карте	афина есть у меня бонусы по карте	3.0445625
476	files/3f6b4a326bd05d53c7b03857f7ce507c.wav	афина включи николая максимова	афина включи николая максимова	3.232875
477	files/87a87f817f45f62d74cbb5739d544ecf.wav	джой включи пожалуйста таймер на один час	джой включи пожалуйста таймер на один час	3.4843125
478	files/ea783ee04ade24de1d35ccacf8ab7976.wav	салют как называется валюта на британских виргинских островах	салют как называется валюта на британских виргинских островах	5.1825625
479	files/47323b20c15b79f79696c349a1276ceb.wav	афина сделай чуть потише	афина сделай чуть потише	3.04225
480	files/f85fb316bf4d7ae967dd45d7597b9ce1.wav	сбер подскажите подготовьте мне выписку по счету	сбер подскажите подготовьте мне выписку по счету	5.2298125
481	files/ad54f9cac7733410859d675881c5cad6.wav	афина где расположен православие в грузии	афина где расположен православие в грузии	5.0683125
482	files/1fa942283a48cf2bab6b5bb735d98b52.wav	салют смотреть кладбище домашних животных	салют смотреть кладбище домашних животных	3.5573125
483	files/dfd62351f884d411dc2e77c4d1fa4427.wav	салют фильм стражи галактики	салют фильм стражи галактики	2.514625
484	files/09468fb9930afb33a83ec7acc5a243d4.wav	джой тип двигателя краз двести пятьдесят пять	джой тип двигателя крас двести пятьдесят пять	3.6580624999999998
485	files/bff012673037357d6cbb3f7e5a3086fe.wav	джой включи баста песня калифорния	джой включи баста песня калифорния	3.6319375
486	files/e4fc2f00bd9cd4aa8e8f1f3c22c663ac.wav	афина гонщик вин дизель	афина гонщик вин дизель	3.5651875
487	files/9dc72d082d908cb71594bca7f670e78e.wav	сбер что такое концессия	сбер что такое концессия	3.11225
488	files/60ffc48e8339d0a6ed381b173f83d12e.wav	афина алиса какая завтра будет погода	афина алиса какая завтра будет погода	3.5458125
489	files/6a9b62b91c46d71eec75d30eceec4e82.wav	сбер добавь песню в избранное	сбер добавь песню в избранное	2.7434374999999998
490	files/2cd20bf25e6364dca1d80949335aa5b0.wav	сбер прошу звук громче сделай	сбер прошу звук громче сделай	2.776375
491	files/e27e0a7111dac7a6cc4f059bbcbab1b8.wav	афина долгота синг синг	афина долгота синг синг	2.8373125
492	files/433b4a0c1cf3bafe754f97995cb26d4c.wav	салют мне нужно подключить уведомление по карте	салют мне нужно подключить уведомления по карте	4.72025
493	files/9ff239ffc3319d9ba7b084bf19e0df95.wav	сбер что хорошего и интересного можно подарить девушке которая любит литературу и хорошо разбирается в ней	сбер что хорошего и интересного можно подарить девушке которая любит литературу и хорошо разбирается в ней	9.3141875
494	files/73be4ed637efa14c8f9d6ecebba54819.wav	джой какую валюту брать на фареры	джой какую валюту брать на фарьеры	3.71275
495	files/fbdcdd988013d93cd50533d5e2109ce7.wav	салют квалификация сборная казахстана по футболу	салют квалификация сборная казахстана по футболу	5.2718125
496	files/80b8fa86376a747ce70a2108fa34d9eb.wav	салют я вернулся	салют я вернулся	2.0751875
497	files/6f2f70c6552941d24672a16443ff9b41.wav	салют включай телевизионный канал рен тиви	салют включай телевизионный канал рен тв	4.0583125
498	files/f0a35f81895b3c31f80c8137a7c1fddb.wav	джой подготовка пожалуйста выписку по счету	джой подготовь ка пожалуйста выписку по счету	4.6184375
499	files/25d4ffa19eadcbae631eb4c42b660787.wav	сбер как я могу узнать тарифы за обслуживание карты	сбер как я могу узнать тарифы за обслуживание карты	4.5628125
